Compound name;SMILES;Molweight;cLogP;H-Acceptors;H-Donors;sp3-Carbon Fraction;Relative PSA;Mutagenic;Rotatable Bonds;Metabolic pathway;Bioactivity;Species;Reference
Haliclonacyclamine E;[H][C@@]12C[N@]3C[C@@]([H])(C1)[C@@]1([H])CC[N@](C[C@]1([H])CCCCCC\C=C\C=C\CC3)CC\C=C/CCCCCC2;466.795;92.844;2;0;0.8125;0.01722;none;0;Amino acids and Peptides/ Polyketides;Cytotoxicity against HL-60, L929, B16, and U138 cells. Cytoskeleton alterations.;Arenosclera brasiliensis (callyspongiidae);DOI: 10.1055/a-1257-8402
Arenosclerin A;[H][C@@]12C[N@]3C[C@@]([H])(C1)[C@@]1([H])CC[N@](C[C@]1([H])CCCCCC\C=C\C=C\C(O)C3)CC\C=C/CCCCCC2;482.794;82.626;3;1;0.8125;0.048394;none;0;Amino acids and Peptides/ Polyketides;Cytotoxicity against HL-60, L929, B16, and U138 cells. Cytoskeleton alterations.;Arenosclera brasiliensis (callyspongiidae);DOI: 10.1055/a-1257-8402
Arenosclerin B;[H][C@]12C[N@@]3C[C@]([H])(C1)[C@@]1([H])CC[N@@](C[C@@]1([H])CCCCCC\C=C/C=C\C(O)C3)C\C=C/CCCCCCC2;482.794;82.626;3;1;0.8125;0.048394;none;0;Alkaloids;Cytotoxicity against HL-60, L929, B16, and U138 cells. Cytoskeleton alterations.;Arenosclera brasiliensis (callyspongiidae);DOI: 10.1055/a-1257-8402
Arenosclerin C;[H]C1C[N@]2C[C@]3([H])C[C@]([H])(C2)[C@@]2([H])CC[N@](C[C@]2([H])CCCCCC\C=C\C=C\1)CC\C=C/CCCCCC3;466.795;92.844;2;0;0.8125;0.01722;none;0;Alkaloids;Cytotoxicity against HL-60, L929, B16, and U138 cells. Cytoskeleton alterations.;Arenosclera brasiliensis (callyspongiidae);DOI: 10.1055/a-1257-8402
Geodiamolide A;C[C@@H]\1C[C@@H](OC(=O)[C@@H](NC(=O)[C@H](N(C(=O)[C@@H](NC(=O)[C@H](C/C(=C1)/C)C)C)C)CC2=CC(=C(C=C2)O)I)C)C;641.541;35.632;9;3;0.57143;0.23471;none;2;Shikimates and Phenylpropanoids;Antiproliferative activity against T47D and MCF7 cells. Cytoskeleton alterations on actin backbone.;Geodia corticostylifera (Geodiidae);DOI: 10.1055/a-1257-8402
Geodiamolide¬† B;C[C@@H]\1C[C@@H](OC(=O)[C@@H](NC(=O)[C@H](N(C(=O)[C@@H](NC(=O)[C@H](C/C(=C1)/C)C)C)C)CC2=CC(=C(C=C2)O)Br)C)C;594.545;38.513;9;3;0.57143;0.23893;none;2;Alkaloids;Antiproliferative activity against T47D and MCF7 cells. Cytoskeleton alterations on actin backbone.;Geodia corticostylifera (Geodiidae);DOI: 10.1055/a-1257-8402
Geodiamolide¬† I;C[C@@H]\1C[C@@H](OC(=O)C[C@@H](NC(=O)[C@H](N(C(=O)[C@@H](NC(=O)[C@H](C/C(=C1)/C)C)C)C)CC2=CC(=C(C=C2)O)Br)C3=CC=C(C=C3)O)C;686.641;48.992;10;4;0.47059;0.23274;none;3;Alkaloids;Antiproliferative activity against T47D and MCF7 cells. Cytoskeleton alterations on actin backbone.;Geodia corticostylifera (Geodiidae);DOI: 10.1055/a-1257-8402
8bŒ≤-hydroxyptilocaulin;CCCCC1=C2NC(N)=NCC2(O)CCC1C;237.346;16.121;4;3;0.76923;0.27206;none;3;Alkaloids;Antiproliferative activity against T47D and MCF7 cells. Cytoskeleton alterations on actin backbone.;Monanchora arbuscula (Crambeidae);DOI: 10.1055/a-1257-8402
Ptilocaulin;CCCCC1=C2[C@@H]3[C@@H](CC[C@@H]3N=C(N2)N)C[C@@H]1C;247.385;27.363;3;2;0.8;0.19515;none;3;Alkaloids;Cytotoxicity against HL-60, MDA‑MB‑435, HCT-8, and SF-295 cells. Apoptosis induction.;Monanchora arbuscula (Crambeidae);DOI: 10.1055/a-1257-8402
Haliclonacyclamine F;C1CCC[C@@H]2C[C@H]3CN(C2)CC/C=C\C/C=C\CCCCC[C@@H]4[C@@H]3CCN(C4)CC/C=C\CC1;466.795;92.844;2;0;0.8125;0.01722;none;0;Alkaloids;Cytotoxicity against HL-60, MDA‑MB‑435, HCT-8, and SF-295 cells. Apoptosis induction.;Pachychalina alcaloidifera (Niphatidae);DOI: 10.1055/a-1257-8402
Arenosclerin D;C1CCC[C@H]2CN3CC/C=C\CCCCCCC4C[C@H]([C@H]2CC3)CN(C4)CC(/C=C\C=C/CC1)O;482.794;82.626;3;1;0.8125;0.048394;none;0;Alkaloids;Cytotoxic activities against SF 295, MDA‑MB‑435, HCT-8, and HL-60 cells.;Pachychalina alcaloidifera (Niphatidae);DOI: 10.1055/a-1257-8402
Madangamine F;C1CCCCCCN2CC3[C@H](/C/4=C\C/C=C/C=C\C=C/CCN5C4CC3C(C2)(C5)CCCCC1)O;478.762;80.184;3;1;0.75;0.050625;none;0;Terpenoids;Cytotoxicity against HL-60, MDA‑MB‑435, HCT-8, and SF-295 cells. Apoptosis induction.;Pachychalina alcaloidifera (Niphatidae);DOI: 10.1055/a-1257-8402
Ingenamine G;C1CCCCCC2=CC3CN4C2C5(C3CCN(C5)CC/C=C\CCCC1)CC(/C=C\C=C/CC4)O;478.762;78.371;3;1;0.75;0.050625;none;0;Terpenoids;Cytotoxicity against HL-60, MDA‑MB‑435, HCT-8, and SF-295 cells. Apoptosis induction.;Pachychalina alcaloidifera (Niphatidae);DOI: 10.1055/a-1257-8402
Spongosoritin A (dihydrofuran);CC/C=C/[C@H](CC)C[C@@]1(C=C(/C(=C/C(=O)OC)/O1)CC)C;292.417;44.996;3;0;0.61111;0.13063;none;8;Terpenoids;Cytotoxicity against HL-60, MDA‑MB‑435, HCT-8, and SF-295 cells. Apoptosis induction.;Plakortis angulospiculatus (Plakinidae);DOI: 10.1055/a-1257-8402
6-desmethyl-6-ethylspongosoritin A (dihydrofuran);CC\C=C\[C@H](CC)C[C@@]1(C)O\C(=C\C(=O)OC)C(CC)=C1;292.417;44.996;3;0;0.61111;0.13063;none;8;Terpenoids;Cytotoxicity against HCT-116 and PC-3M cell lines. Cell cycle modifications depending on structural characteristics: dihydrofurans induce G0/G1 arrest and 6-membered peroxides (plakortides) deliver a G2/M arrest.;Plakortis angulospiculatus (Plakinidae);DOI: 10.1055/a-1257-8402
Plakortide P;CC/C=C/[C@H](CC)C/C(=C/[C@]1(C[C@@H]([C@@H](OO1)CC(=O)O)CC)CC)/CC;366.54;67.601;4;1;0.77273;0.14666;none;11;Terpenoids;Cytotoxicity against HL-60, MDA‑MB‑435, HCT-8, and SF-295 cells. Apoptosis induction.;Plakortis angulospiculatus (Plakinidae);DOI: 10.1055/a-1257-8402
18-acetoxipregna-1,4,20- trien-3-one;CC(=O)OC[C@]12CCC3C(CCC4=CC(=O)C=C[C@]34C)C1CC[C@@H]2C=C;354.488;4.169;3;0;0.65217;0.13245;none;4;Terpenoids;Cytotoxicity against HL-60, MDA‑MB‑435, HCT-8, and SF-295 cells. Apoptosis induction. Antiparasitic activity. ;Carijoa riisei (Clavulariidae);DOI: 10.1055/a-1257-8402
3-O-methyl-amphidinolide P;CO[C@@]12CC(=C)C[C@@H](O1)[C@H]1O[C@@H]1CC(=C)\C=C\[C@@H](OC(=O)C2)[C@@H](C)C(C)=C;374.475;42.604;5;0;0.59091;0.20374;none;3;Alkaloids;Cytotoxicity against SF-295, MDA‑MB‑435, HCT-8, and HL-60.;Stragulum bicolor van (Clavulariidae);DOI: 10.1055/a-1257-8402
Punicinol A;[H]N1C(=O)C2=C3C4=CC([H])=C(O)C=C4N4[C@H]5C[C@@H](NC)[C@@H](OC)[C@](C)(O5)N5C6=C(C=CC=C6)C(C5=C34)=C2C1=O;496.522;42.643;9;3;0.28571;288;none;2;Alkaloids;Cytotoxicity against HCT 116.;Leptogorgia punicea (Gorgoniidae);DOI: 10.1055/a-1257-8402
Punicinol B;[H]C1C[C@]2(CO)[C@]([H])(CC[C@@]2([H])[C@]2(C)C[C@@H](OC(C)=O)[C@@]3(O)C[C@@H](O)CC[C@]3(C)[C@@]12[H])[C@H](C)CCCC(C)C;492.738;55.009;5;3;0.96667;0.16663;none;8;Terpenoids;Cytotoxic activity against A549. A synergistic effect of these compounds with paclitaxel was observed.;Leptogorgia punicea (Gorgoniidae);DOI: 10.1055/a-1257-8402
Punicinol C;[H]C[C@]12C[C@H](O)[C@@]3([H])[C@@](C)(C[C@@H](OC(C)=O)[C@@]4(O)C[C@@H](O)CC[C@]34C)[C@]1([H])CC[C@]2([H])[C@H](C)\C=C\CC(C)C;490.722;53.233;5;3;0.9;0.16833;none;6;Terpenoids;Cytotoxicity against HCT 116.;Leptogorgia punicea (Gorgoniidae);DOI: 10.1055/a-1257-8402
Punicinol D;[H]C[C@]12C[C@H](O)[C@@]3([H])[C@@](C)(C[C@@H](OC(C)=O)[C@@]4(O)C[C@@H](O)CC[C@]34C)[C@]1([H])CC[C@]2([H])[C@H](C)\C=C\C(C)C;476.695;48.689;5;3;0.89655;0.17483;none;5;Polyketides;Cytotoxicity against HCT 116.;Leptogorgia punicea (Gorgoniidae);DOI: 10.1055/a-1257-8402
Punicinol E;[H]C1C[C@]2(CO)[C@]([H])(CC[C@@]2([H])[C@]2(C)C[C@@H](OC(C)=O)[C@@]3(O)C[C@@H](O)CC[C@]3(C)[C@@]12[H])[C@H](C)\C=C\CC(C)C;490.722;52.487;5;3;0.9;0.16709;none;7;Alkaloids;Cytotoxicity against HCT 116.;Leptogorgia punicea (Gorgoniidae);DOI: 10.1055/a-1257-8402
Bc2;CO[C@H]1[C@@H](OC)C[C@H](C)[C@@H](OC)C2=CC(=O)C=C(NC(=O)/C(C)=C/C=C\[C@H](C)[C@@H](OC(N)=O)/C(C)=C/[C@@H]1C)C2=O;558.669;35.893;10;2;0.53333;0.26888;none;5;Terpenoids;Cytotoxicity against HCT 116.;Bunodosoma caissarum (Actiniidae);DOI: 10.1055/a-1257-8402
6Œ≤-Carboxyl- 24(R)-(8 ‚Üí 6)-abeoergostan-3Œ≤,5Œ≤-diol;[H][C@@]12CC[C@H]([C@H](C)CC[C@H](C)C(C)C)[C@@]1(C)CC[C@@]1([H])[C@@]2([H])[C@H](C(O)=O)[C@]2(O)C[C@@H](O)CC[C@]12C;448.685;53.329;4;3;0.96429;0.15511;none;6;Alkaloids;Cytotoxicity against U87 and A172, either wild type or p53 mutant. Pore formation on cell membrane. Cytotoxicity occurs potentiated when combined with approved chemotherapeutic agents (AraC, doxorubicin, and vincristine).;Palythoa variabilis (Sphenopidae);DOI: 10.1055/a-1257-8402
LAA 1;CCCCCCCCCCCCCCCCCCCCCCCCCCCCC(N)C(O)=O;467.819;92.777;3;2;0.96667;0.093603;none;28;Terpenoids;Ergostan: cytotoxicity against HCT 116.;Palythoa variabilis (Sphenopidae);DOI: 10.1055/a-1257-8402
LAA 2;CCCCCCCCCCCCCCCCCCCCCCCCCCCCCC(N)C(O)=O;481.846;97.321;3;2;0.96774;0.09078;none;29;Terpenoids;Cytotoxicity against SF-295, HCT-8, and HL-60. Apoptosis induction on HL-60 cells.;Palythoa variabilis (Sphenopidae);DOI: 10.1055/a-1257-8402
Chromomycin A5;C[C@@H]1[C@H]([C@@H](C[C@@H](O1)OC2C(CC3=C(C2=O)C(=C4C(=C3)C=C(C(=C4O)C)O[C@H]5C[C@H]([C@H]([C@H](O5)C)OC(=O)C)O[C@@H]6C[C@H]([C@H]([C@H](O6)C)OC)O)O)[C@@H](C(=O)[C@H]([C@@H](C)O)O)OC)O[C@H]7C[C@H]([C@@H]([C@H](O7)C)O)O[C@H]8C[C@]([C@H]([C@@H](O8)C)OC(=O)C(C)C)(C)O)O;1211.31;22.352;26;8;0.76271;0.34793;none;21;Terpenoids;Cytotoxicity against SF-295, HCT-8, and HL-60. Apoptosis induction on HL-60 cells.;Streptomyces sp. BRA-384 isolated from Palythoa caribaeorum (Sphenopidae);DOI: 10.1055/a-1257-8402
Chromomycin A6;CO[C@@H](C1CC2=C(C(=O)C1O[C@H]1C[C@@H](O[C@H]3C[C@@H](O[C@H]4C[C@](C)(O)[C@@H](OC(C)=O)[C@H](C)O4)[C@H](O)[C@@H](C)O3)[C@H](O)[C@@H](C)O1)C(O)=C1C(O)=C(C)C(O[C@H]3C[C@@H](O[C@@H]4C[C@@H](O)[C@@H](OC)[C@@H](C)O4)[C@@H](OC(C)=O)[C@@H](C)O3)=CC1=C2)C(=O)[C@@H](O)[C@@H](C)O;1183.25;15.625;26;8;0.75439;0.35832;none;20;Terpenoids;Cytotoxicity against 501mel and WM293A, RD, RH30, MCF-7, HCT 116, and PC-3M. Chromomycins A5 and A6 bind to TBX2 transcription factor;Streptomyces sp. BRA-384 isolated from Palythoa caribaeorum (Sphenopidae);DOI: 10.1055/a-1257-8402
Chromomycin A7;CCC(=O)O[C@H]1[C@H](C)O[C@H](C[C@]1(C)O)O[C@@H]1C[C@H](O[C@@H]2C[C@H](OC3C(CC4=C(C3=O)C(O)=C3C(O)=C(C)C(O[C@H]5C[C@@H](O[C@@H]6C[C@@H](O)[C@@H](OC)[C@@H](C)O6)[C@@H](OC(C)=O)[C@@H](C)O5)=CC3=C4)[C@H](OC)C(=O)[C@@H](O)[C@@H](C)O)O[C@H](C)[C@H]2O)O[C@H](C)[C@H]1O;1197.28;20.169;26;8;0.75862;0.35247;none;21;Shikimates and Phenylpropanoids;Cytotoxicity against SF-295, HCT-8, and HL-60. Apoptosis induction on HL-60 cells.;Streptomyces sp. BRA-384 isolated from Palythoa caribaeorum (Sphenopidae);DOI: 10.1055/a-1257-8402
Chromomycin A8;CCC(=O)O[C@H]1[C@@H](C)O[C@H](C[C@H]1O[C@@H]1C[C@@H](O)[C@@H](OC)[C@@H](C)O1)OC1=CC2=CC3=C(C(=O)C(O[C@H]4C[C@@H](O[C@H]5C[C@@H](O[C@H]6C[C@](C)(O)[C@@H](OC(=O)C(C)C)[C@H](C)O6)[C@H](O)[C@@H](C)O5)[C@H](O)[C@@H](C)O4)C(C3)[C@H](OC)C(=O)[C@@H](O)[C@@H](C)O)C(O)=C2C(O)=C1C;1225.33;26.896;26;8;0.76667;0.34241;none;22;Terpenoids;Cytotoxicity against SF-295, HCT-8, and HL-60. Apoptosis induction on HL-60 cells.;Streptomyces sp. BRA-384 isolated from Palythoa caribaeorum (Sphenopidae);DOI: 10.1055/a-1257-8402
Sebastianine A;C1=CC=C2C(=C1)C3=C4C(=N2)C5=C(C(=O)C4=NC=C3)NC=C5;271.278;26.069;4;1;0;253;none;0;Terpenoids;Cytotoxicity against SF-295, HCT-8, and HL-60. Apoptosis induction on HL-60 cells.;Cystodytes dellechiajei (Polycitoridae);DOI: 10.1055/a-1257-8402
Sebastianine B;CC(C)[C@@H]1C(=O)N2CCC3=C2[C@@](O1)(C4=NC=CC5=C4C3=NC6=CC=CC=C56)O;373.411;22.675;6;1;0.31818;0.2424;none;1;Polyketides;Cytotoxicity against HCT 116 p53+/+, HCT 116 p53−/−, HCT 116 p21+/+, and HCT 116 p21−/− cells. Indication of a p53- dependent mechanism of cell death.;Cystodytes dellechiajei (Polycitoridae);DOI: 10.1055/a-1257-8402
Granulatimide;C1=CC=C2C(=C1)C3=C4C(=C5C(=C3N2)NC=N5)C(=O)NC4=O;276.255;16.966;6;3;0;0.40595;high;0;Polyketides;Cytotoxicity against SF-295, HCT-8, and HL-60. Apoptosis induction on HL-60 cells.;Didemnum granulatum (Didemnidae);DOI: 10.1055/a-1257-8402
Isogranulatimide;C1=CC=C2C(=C1)C3=C4C(=C(NC4=O)O)C5=CN=CN5C3=N2;276.255;0.5893;6;2;0;0.36219;none;0;Polyketides;G2-checkpoint arrest in MCF-7 mp53 cells. Inhibition of kinases Chk1 and Cdk1.;Didemnum granulatum (Didemnidae);DOI: 10.1055/a-1257-8402
Methyl myristate;CCCCCCCCCCCCCC(=O)OC;242.401;55.816;2;0;0.93333;0.099788;none;13;Alkaloids;Cytotoxicity against SF-295, HCT-8, and HL-60. Apoptosis induction on HL-60 cells.;Didemnum psammatodes (Didemnidae);DOI: 10.1055/a-1257-8402
Methyl palmitate;CCCCCCCCCCCCCCCC(=O)OC;270.455;64.904;2;0;0.94118;0.089161;none;15;Alkaloids;Cytotoxicity against leukemia cell lines HL-60, Molt-4, CEM, and K562. Indication of induction of programmed and accidental cell death on HL-60 cell line.;Didemnum psammatodes (Didemnidae);DOI: 10.1055/a-1257-8402
Methyl stearate;CCCCCCCCCCCCCCCCCC(=O)OC;298.509;73.992;2;0;0.94737;0.080579;none;17;Alkaloids;Cytotoxicity against SF-295, HCT-8, and HL-60. Apoptosis induction on HL-60 cells.;Didemnum psammatodes (Didemnidae);DOI: 10.1055/a-1257-8402
1,2-propanediol, 3-(heptadecyloxy);CCCCCCCCCCCCCCCCCOCC(O)CO;330.55;62.066;3;2;1;0.11729;none;19;Carbohydrates;Cytotoxicity against SF-295, HCT-8, and HL-60. Apoptosis induction on HL-60 cells.;Didemnum psammatodes (Didemnidae);DOI: 10.1055/a-1257-8402
Batyl alcohol;CCCCCCCCCCCCCCCCCCOCC(CO)O;344.577;6.661;3;2;1;0.11228;none;20;Fatty acids;Cytotoxicity against SF-295, HCT-8, and HL-60. Apoptosis induction on HL-60 cells.;Didemnum psammatodes (Didemnidae);DOI: 10.1055/a-1257-8402
1,2- propanediol, 3-[(methyloctadecyl)oxy];CCCCCCCCCCCCCCCCCCCOCC(O)CO;358.604;71.154;3;2;1;0.10769;none;21;Fatty acids;Cytotoxicity against SF-295, HCT-8, and HL-60. Apoptosis induction on HL-60 cells.;Didemnum psammatodes (Didemnidae);DOI: 10.1055/a-1257-8402
2-hydroxy-7-oxostaurosporine;[H]N1C(=O)C2=C3C4=CC([H])=C(O)C=C4N4[C@H]5C[C@@H](NC)[C@@H](OC)[C@](C)(O5)N5C6=C(C=CC=C6)C(C5=C34)=C2C1=O;496.522;42.643;9;3;0.28571;288;none;2;Polyketides;Cytotoxicity against SF-295, HCT-8, and HL-60. Apoptosis induction on HL-60 cells.;Eudistoma vannamei (Polycitoridae);DOI: 10.1055/a-1257-8402
3-hydroxy-7-oxostaurosporine;[H]N1C(=O)C2=C3C4=CC(O)=C([H])C=C4N4[C@H]5C[C@@H](NC)[C@@H](OC)[C@](C)(O5)N5C6=C(C=CC=C6)C(C5=C34)=C2C1=O;496.522;42.643;9;3;0.28571;288;none;2;Polyketides;Cytotoxicity against HL-60, Molt-4, Jurkat, K562, HCT-8, MDA MB-435, and SF-295 cell lines. Cytotoxicity against PBMC. Induction of G2 arrest in HL-60 cells.;Eudistoma vannamei (Polycitoridae);DOI: 10.1055/a-1257-8402
Penicillic acid;CC(=C)C(=O)/C(=C/C(=O)O)/OC;170.163;0.8954;4;1;0.25;0.35812;high;4;Polyketides;Cytotoxicity against SF-295, HCT-8, and HL-60. Apoptosis induction on HL-60 cells.;Aspergillus sp. EV-10 associated to E. vannamei (Polycitoridae);DOI: 10.1055/a-1257-8402
4,6,11-trihydroxy-9-propyltetracene-5,12- dione (antracyclinone);CCCC1=CC2=C(C=C1)C(=C3C(=C2O)C(=O)C4=C(C3=O)C(=CC=C4)O)O;348.353;44.046;5;3;0.14286;0.26315;none;2;Alkaloids;Cytotoxicity against HCT-8 and MDA‑MB‑435 cell lines.;Micromonospora sp. BRA-006 associated to E. vannamei (Polycitoridae);DOI: 10.1055/a-1257-8402
10Œ≤-carbomethoxy7,8,9,10-tetrahydro-4,6,7Œ±,9Œ±,11- pentahydroxy-9-propyltetracene5,12-dione (antracyclinone);CCC[C@@]1(O)C[C@H](O)C2=C(O)C3=C(C(O)=C2[C@H]1C(=O)OC)C(=O)C1=C(C(O)=CC=C1)C3=O;442.419;26.124;9;5;0.34783;0.37925;none;4;Alkaloids;Cytotoxicity against HCT-8 cell line;Micromonospora sp. BRA-006 associated to E. vannamei (Polycitoridae);DOI: 10.1055/a-1257-8402
Dithiolpyrrolone;[H]C(=O)N(C)C1=C2SSC=C2NC1=O;214.269;0.3042;4;1;0.14286;0.54173;none;1;Terpenoids;Cytotoxicity against HCT-8 cell line;Streptomyces sp. BRA-010 associated to E. vannamei (Polycitoridae);DOI: 10.1055/a-1257-8402
Tamandarin A;CC[C@H](C)[C@@H]1[C@H](CC(=O)O[C@H](C(=O)N[C@H](C(=O)N2CCC[C@H]2C(=O)N([C@H](C(=O)O[C@@H]([C@@H](C(=O)N1)NC(=O)[C@@H](CC(C)C)N(C)C(=O)[C@@H]3CCCN3C(=O)[C@H](C)O)C)CC4=CC=C(C=C4)OC)C)CC(C)C)C(C)C)O;1056.3;24.471;21;5;0.72222;0.27458;none;15;Polyketides;Cytotoxicity against HCT 116, OVCAR-8, NCI-H358, PC-3M, HL-60, and SF-295. Induction of polynucleated cells, inhibition of cytokinesis, and apoptosis in PC-3M cells. Indication of impairment of cytokinesis motor proteins.;Didemnum sp. (Didemnidae);DOI: 10.1055/a-1257-8402
Tamandarin B;C[C@@H]1[C@@H](C(=O)N[C@@H]([C@H](CC(=O)O[C@H](C(=O)N[C@H](C(=O)N2CCC[C@H]2C(=O)N([C@H](C(=O)O1)CC3=CC=C(C=C3)OC)C)CC(C)C)C(C)C)O)C(C)C)NC(=O)[C@@H](CC(C)C)N(C)C(=O)[C@@H]4CCCN4C(=O)[C@H](C)O;1042.28;19.927;21;5;0.71698;0.27933;none;14;Terpenoids;Inhibition of colony formation of BX‑PC3, DU145, and UMSCC10b cells lines. Inhibition of protein synthesis. Indication of a didemnin-like mechanism of action.;Didemnum sp. (Didemnidae);DOI: 10.1055/a-1257-8402
Gliotoxin;CN1C(=O)[C@]23CC4=CC=C[C@@H]([C@H]4N2C(=O)[C@]1(SS3)CO)O;326.396;0.6883;6;2;0.53846;0.47159;low;1;Terpenoids;Cytotoxicity against HCT 116, OVCAR-8, NCI-H358, PC-3M, HL-60, and SF-295. Induction of polynucleated cells, inhibition of cytokinesis, and apoptosis in PC-3M cells. Indication of impairment of cytokinesis motor proteins.;Dichotomomyces cejpii BRF082;DOI: 10.1055/a-1257-8402
Acetylgliotoxin G;CC(=O)O[C@H]1C=CC=C2[C@@H]1N3C(=O)[C@@]4(N(C(=O)[C@@]3(C2)SSSS4)C)CO;432.565;-0.2273;7;1;0.53333;0.51829;low;3;?;Cytotoxicity against HCT 116 cell line.;Dichotomomyces cejpii BRF082;DOI: 10.1055/a-1257-8402
Malformin A;CCC(C)C1C(=O)NC2CSSCC(C(=O)NC(C(=O)NC(C(=O)N1)CC(C)C)C(C)C)NC2=O;529.725;0.5763;10;5;0.78261;0.39755;none;5;?;Cytotoxicity against HCT 116 cell line.;Aspergillus niger BRF074;DOI: 10.1055/a-1257-8402
Malformin C;CC(C)C[C@H]1C(=O)N[C@@H]2CSSC[C@H](C(=O)N[C@H](C(=O)N[C@@H](C(=O)N1)CC(C)C)C(C)C)NC2=O;529.725;0.5763;10;5;0.78261;0.39755;none;5;Alkaloids;Cytotoxicity against HCT 116 cell line.;Aspergillus niger BRF074;DOI: 10.1055/a-1257-8402
Fumitremorgin C;CC(=C[C@H]1C2=C(C[C@@H]3N1C(=O)[C@@H]4CCCN4C3=O)C5=C(N2)C=C(C=C5)OC)C;379.459;27.134;6;1;0.45455;0.20635;none;2;Alkaloids;Cytotoxicity against HCT 116 cell line.;Aspergillus sp. BRF030;DOI: 10.1055/a-1257-8402
Chromomycin A2;C[C@@H]1[C@H]([C@@H](C[C@@H](O1)O[C@H]2[C@@H](CC3=C(C2=O)C(=C4C(=C3)C=C(C(=C4O)C)O[C@H]5C[C@H]([C@H]([C@H](O5)C)OC(=O)C)O[C@@H]6C[C@H]([C@H]([C@H](O6)C)OC)O)O)[C@@H](C(=O)[C@H]([C@@H](C)O)O)OC)O[C@H]7C[C@H]([C@@H]([C@H](O7)C)O)O[C@H]8C[C@]([C@H]([C@@H](O8)C)OC(=O)C(C)C)(C)O)O;1211.31;22.352;26;8;0.76271;0.34793;none;21;Terpenoids;Cytotoxicity against HCT 116 cell line.;Streptomyces sp. BRA-090;DOI: 10.1055/a-1257-8402
Chromomycin A3;C[C@@H]1[C@H]([C@@H](C[C@@H](O1)O[C@H]2[C@@H](CC3=C(C2=O)C(=C4C(=C3)C=C(C(=C4O)C)O[C@H]5C[C@H]([C@H]([C@H](O5)C)OC(=O)C)O[C@@H]6C[C@H]([C@H]([C@H](O6)C)OC)O)O)[C@@H](C(=O)[C@H]([C@@H](C)O)O)OC)O[C@H]7C[C@H]([C@@H]([C@H](O7)C)O)O[C@H]8C[C@]([C@H]([C@@H](O8)C)OC(=O)C)(C)O)O;1183.25;15.625;26;8;0.75439;0.35832;none;20;Terpenoids;Cytotoxicity against HCT 116, HL-60, OVCAR-8, PC-3M, and MALME-3M. Chromomycin A2: autophagy induction.;Streptomyces sp. BRA-090;DOI: 10.1055/a-1257-8402
Prodigiosin;CCCCCC1=C(NC(=C1)/C=C\2/C(=CC(=N2)C3=CC=CN3)OC)C;323.439;37.106;4;2;0.35;0.18137;none;7;Alkaloids;Cytotoxicity against HCT 116 cell line.;Pseudoalteromonas sp. BRA-007;DOI: 10.1055/a-1257-8402
Nonylprodigiosin;COC\1=CC2=N/C1=C\C3=CC=C(N3)CCCCCCCCCC4=CC=C2N4;363.503;50.206;4;2;0.43478;0.16298;none;1;Alkaloids;Cytotoxicity against HCT-8, HL-60, MDAMB435, and SF-295. Selective cytotoxic activity against cell lines overexpressing the tyrosine kinase receptor ErbB-2.;Actinomadura sp. BRA-177;DOI: 10.1055/a-1257-8402
Cyclononilprodigiosin;COC1=CC2=N\C1=C\C1=CC=C(CCCCCCCCCC3=CC=C2N3)N1;363.503;50.206;4;2;0.43478;0.16298;none;1;Polyketides;Cytotoxicity against SK‑Mel-147, HCT 116, and MCF-7 cell lines.;Actinomadura sp. BRA-177;DOI: 10.1055/a-1257-8402
Cyclo(L‚ÄëPhe-L‚ÄëPro) [diketopiperazine];C1C[C@H]2C(=O)N[C@H](C(=O)N2C1)CC3=CC=CC=C3;244.293;0.8538;4;1;0.42857;0.22385;none;2;Alkaloids/ Amino acids and peptides;Cytotoxicity against HCT-8, HL-60, MDAMB435, and SF-295. Selective cytotoxic activity against cell lines overexpressing the tyrosine kinase receptor ErbB-2.;Streptomyces sp. BRA-199;DOI: 10.1055/a-1257-8402
Cyclo(L‚ÄëTrp-L‚ÄëPro) [diketopiperazine];C1C[C@H]2C(=O)N[C@H](C(=O)N2C1)CC3=CNC4=CC=CC=C43;283.33;0.8932;5;2;375;0.26515;none;2;Polyketides;Cytotoxic against HCT 116, OVCAR-8, and SF- 295 cell lines.;Streptomyces sp. BRA-199;DOI: 10.1055/a-1257-8402
Isorigidol;C[C@]1(CC[C@]2(C=C1)C(=C)C[C@@H]([C@H](C2(C)C)Br)O)O;315.25;29.639;2;2;0.73333;0.13011;high;0;Polyketides;Cytotoxic against OVCAR-8 cell line.; Laurencia scoparia and Laurencia dendroidea (Rhodomelaceae) red seaweed;DOI: 10.3389/fntpr.2023.1224564
Ma'ilione;CC1([C@@H]([C@@H](CC(=C)[C@@]12CCC(=O)C=C2)O)Br)C;299.207;28.096;2;1;0.64286;0.13751;high;0;Alkaloids;Anthelmintic Activity; Laurencia scoparia;DOI: 10.3389/fntpr.2023.1224564
Dendroidiol;C[C@]1(CC[C@]2(C[C@@H]1Cl)C(=C)C[C@H]([C@H](C2(C)C)Br)O)O;351.711;35.243;2;2;0.86667;0.12099;high;0;Terpenoids;Anthelmintic Activity;Laurencia dendroidea J. Agardh (red seaweed);DOI: 10.3389/fntpr.2023.1224564
(-)-isoobtusadiene;C[C@@]1(Br)C[C@H](O)CC(=C)[C@@]11CCC(=C)C=C1;283.208;37.181;1;1;0.57143;0.071157;high;0;Terpenoids;Anti-inflammatory and antimycobacterial activities ;Ophionereis reticulate (Ophiuroids);DOI: 10.3389/fntpr.2023.1224564
(‚àí)-acetyl isoobtusadiene;CC(=O)O[C@@H]1CC(=C)[C@@]2(CCC(=C)C=C2)[C@](C)(Br)C1;325.245;42.027;2;0;0.5625;0.1058;high;2;Shikimates and Phenylpropanoids;Not known;Ophionereis reticulate (Ophiuroids);DOI: 10.3389/fntpr.2023.1224564
(+)-elatol;CC1=C(C)C[C@]2(CC1)C(=C)C[C@H](O)[C@H](Br)C2(C)C;313.277;43.984;1;1;0.75;0.06327;high;0;Alkaloids;Not known;Ophionereis reticulate (Ophiuroids);DOI: 10.3389/fntpr.2023.1224564
Halogenated bisabolene sesquiterpene;CC(C)=C[C@@H](O)CC(=C)[C@@]1(O)CC[C@](C)(Br)[C@@H](Cl)C1;351.711;4.782;2;2;0.73333;113;high;4;Polyketides;Not known;Laurencia scoparia (red seaweed);DOI: 10.3389/fntpr.2023.1224564
(+)-isopyrodysinoic acid;CC1=C[C@@H]2C[C@H]3C(=CC(=O)N3CC(=O)O)C([C@@H]2CC1)(C)C;289.374;17.945;4;1;0.64706;0.19939;none;2;Alkaloids/ Amino acids and peptides;Not known;Dysidea robusta (sponge);DOI: 10.3389/fntpr.2023.1224564
(+)-13-hydroxyisopyrodysinoic acid;CC1=C[C@@H]2C[C@]3(C(=CC(=O)N3CC(=O)O)C([C@@H]2CC1)(C)C)O;305.373;13.836;5;2;0.64706;0.25544;none;2;Terpenoids;Not known;Dysidea robusta (sponge);DOI: 10.3389/fntpr.2023.1224564
(+)-pyrodisinoic acid;[H][C@@]12N(CC(O)=O)C(=O)C=C1C[C@@]1([H])C=C(C)CC[C@@]1([H])C2(C)C;289.374;17.945;4;1;0.64706;0.19939;none;2;Terpenoids;Not known;Dysidea robusta (sponge);DOI: 10.3389/fntpr.2023.1224564
(+)-pyrodysinoic acid B;[H][C@@]12N(CC(O)=O)C(=O)C=C1C[C@@]1([H])C=C(C)CC[C@]1([H])C2(C)C;289.374;17.945;4;1;0.64706;0.19939;none;2;?;Not known;Dysidea robusta (sponge);DOI: 10.3389/fntpr.2023.1224564
(+)-(2R,4S,5R,8S)-4-deacetyl-5-hydroxy-botryenalol;C[C@@H]1C[C@@H]([C@@]2(C(=C1C=O)[C@@](CC2(C)C)(C)CO)O)O;268.352;0.7048;4;3;0.8;0.26902;none;2;Alkaloids;Not known;Asparagopsis taxiformis (red seaweed);DOI: 10.3389/fntpr.2023.1224564
(+)-(2R,4R,5R,8S)-4-deacetyl-5-hydroxy-botryenalol;C[C@@H]1C[C@H]([C@@]2(C(=C1C=O)[C@@](CC2(C)C)(C)CO)O)O;268.352;0.7048;4;3;0.8;0.26902;none;2;Polyketides;Not known;Asparagopsis taxiformis (red seaweed);DOI: 10.3389/fntpr.2023.1224564
(+)-(2R,4S,5R,8R)-4-deacetyl-botryenalol;C[C@@H]1C[C@@H]([C@H]2C(=C1C=O)[C@](CC2(C)C)(C)CO)O;252.353;15.282;3;2;0.8;0.2062;none;2;Polyketides;Not known;Asparagopsis taxiformis (red seaweed);DOI: 10.3389/fntpr.2023.1224564
(+)-(2R,4R,8R)-nemenonediol A;C[C@@H]1C[C@@H](O)C2=C(C1=O)[C@](C)(CO)CC2(C)C;238.326;16.895;3;2;0.78571;0.22294;none;1;Polyketides;Not known;Asparagopsis taxiformis (red seaweed);DOI: 10.3389/fntpr.2023.1224564
(+)-(2R,4S,8S)-nemenonediol B;C[C@@H]1C[C@H](O)C2=C(C1=O)[C@@](C)(CO)CC2(C)C;238.326;16.895;3;2;0.78571;0.22294;none;1;Polyketides;Not known;Asparagopsis taxiformis (red seaweed);DOI: 10.3389/fntpr.2023.1224564
Dolastane diterpene;CC(C)[C@]1(O)CC[C@]2(C)C[C@]3(O)C(=C)CC[C@@H](O)[C@@]3(C)CC=C12;320.471;31.555;3;3;0.8;0.1653;none;1;Polyketides;Not known;Dictyota ceroicornishave (brown algae);DOI: 10.3389/fntpr.2023.1224564
Dolastane diterpene;CC(C)[C@]1(O)CC[C@]2(C)C[C@]3(O)C(=C)CC[C@@H](O)[C@@]3(C)CCC12O;338.486;24.366;4;4;0.9;0.21514;none;1;Alkaloids;Not known;Dictyota ceroicornishave (brown algae);DOI: 10.3389/fntpr.2023.1224564
Dolastane;CC(C)[C@@]1(O)CC[C@]2(C)C[C@]3(O)C(=C)CC[C@@H](O)[C@@]3(C)CC=C12;320.471;31.555;3;3;0.8;0.1653;none;1;Terpenoids;Not known;Padina sanctae-crucis (brown macroalga);DOI: 10.3389/fntpr.2023.1224564
Dolastane;CC(C)[C@@]1(O)CC[C@]2(C)C[C@]3(O)C(=C)CC[C@@H](OC(C)=O)[C@@]3(C)CC=C12;362.508;36.401;4;2;0.77273;0.18142;none;3;Alkaloids;Not known;Canistrocarpus cervicornis (brown algae);DOI: 10.3389/fntpr.2023.1224564
Dolastane;CC(C)C1=C2[C@@H](C[C@]3(C)[C@@H](CCC(=C)[C@@]3(O)C[C@@]2(C)CC1)OC(C)=O)OC(C)=O;404.545;42.669;5;1;0.75;0.1938;none;5;Alkaloids;Not known;Canistrocarpus cervicornis (brown algae);DOI: 10.3389/fntpr.2023.1224564
Dolastane;CC(C)[C@]12O[C@@]11C(=O)C[C@@]3(C)CCCC(=C)[C@]3(O)C[C@]1(C)C[C@H]2OC(C)=O;376.491;27.672;5;1;0.81818;0.2451;none;3;Alkaloids;Not known;Canistrocarpus cervicornis (brown algae);DOI: 10.3389/fntpr.2023.1224564
Dolastane diterpene;CC(C)C1=C2[C@@H](C[C@]3(C)[C@@H](CCC(=C)[C@@]3(O)C[C@@]2(C)CC1=O)OC(C)=O)OC(C)=O;418.528;35.585;6;1;0.70833;0.23345;none;5;Alkaloids;Not known;Canistrocarpus cervicornis (brown algae);DOI: 10.3389/fntpr.2023.1224564
Dolastane diterpene;CC(C)C1=C2[C@@H](C[C@]3(C)[C@@H](CCC(=C)[C@@]3(O)C[C@@]2(C)CC1)OC(C)=O)OC(C)=O;404.545;42.669;5;1;0.75;0.1938;none;5;Fatty acids;Not known;Canistrocarpus cervicornis (brown algae);DOI: 10.3389/fntpr.2023.1224564
Dolastane diterpene;[H]C1C[C@]2(C)[C@H](O)CCC(=C)[C@@]2(O)C[C@@]2(C)CCC(C(C)C)=C12;304.472;41.498;2;2;0.8;0.11247;none;1;Polyketides;Not known;Canistrocarpus cervicornis (brown algae);DOI: 10.3389/fntpr.2023.1224564
Dolabellane diterpene;[H][C@]12[C@@H](CC[C@]1(C)\C=C\[C@H](C)C\C=C\[C@@](C)(O)C[C@@H]2OC(C)=O)C(C)(C)OC(C)=O;406.561;47.951;5;1;0.75;0.18297;none;5;Alkaloids;Not known;Dictyota pfaffii (brown algae);DOI: 10.3389/fntpr.2023.1224564
Raspacionin;CC(=O)O[C@H]1CC[C@@]2([C@H](CC[C@@]([C@H]2CC[C@@H]3C(=C)CC[C@H]4[C@]3(CC[C@@H](C(O4)(C)C)O)C)(C)OC(=O)C)OC1(C)C)C;576.812;57.622;7;1;0.88235;0.18033;none;7;Polyketides;Anti-HSV-1 activity in vitro;Raspaciona aculeate (sponge);DOI: 10.3389/fntpr.2023.1224564
(‚àí)-riisein A;C[C@H](CCCC(C)COC(=O)C)[C@H]1CC[C@@H]2[C@@]1(CC[C@H]3[C@H]2C[C@H]([C@@]4([C@@]3(CC[C@@H](C4)O[C@H]5[C@H]([C@@H]([C@@H](CO5)O)OC(=O)C)O)C)O)O)C;652.862;44.189;10;4;0.94444;0.24654;none;12;Polyketides;Not known;Carijoa (Telesto) riisei (coral);DOI: 10.3389/fntpr.2023.1224564
(‚àí)-riisein B;C[C@H](CCCC(C)COC(=O)C)[C@H]1CC[C@@H]2[C@@]1(CC[C@H]3[C@H]2C[C@H]([C@@]4([C@@]3(CC[C@@H](C4)O[C@H]5[C@H]([C@@H]([C@@H](CO5)OC(=O)C)O)O)C)O)O)C;652.862;44.189;10;4;0.94444;0.24654;none;12;Polyketides;Not known;Carijoa (Telesto) riisei (coral);DOI: 10.3389/fntpr.2023.1224564
(+)-fistularin-3;COC1=C([C@@H]([C@]2(CC(=NO2)C(=O)NCC(COC3=C(C=C(C=C3Br)C(CNC(=O)C4=NO[C@@]5(C4)C=C(C(=C([C@@H]5O)Br)OC)Br)O)Br)O)C=C1Br)O)Br;1114.02;35.173;15;6;0.41935;0.30589;low;12;Polyketides;Not known;Bacterium Pseudovibrio denitrificans Ab134, isolated from the marine sponge Arenosclera brasiliensis ;DOI: 10.3389/fntpr.2023.1224564
(+)-caissarine C;COC1=C(Br)[C@H](O)[C@]2(CC(=NO2)C(=O)NCCC[C@@H](O)CNC(=O)C2=NO[C@@]3(C2)C=C(Br)C(OC)=C(Br)[C@@H]3O)C=C1Br;848.132;22.676;13;5;0.52;0.33033;low;10;Polyketides;"DNA demethylating agent inducing cell cycle arrest and sensitization to TRAIL in cancer cells, anti-tumorigenic activityon breast cancer cell line MCF-7, moderate antibiotic activity against several pathogenic bacteria.
";Aplysina ;DOI: 10.3389/fntpr.2023.1224564
(+)-11-hydroxyaerothionin;COC1=C([C@@H]([C@]2(CC(=NO2)C(=O)NCCC(CNC(=O)C3=NO[C@@]4(C3)C=C(C(=C([C@@H]4O)Br)OC)Br)O)C=C1Br)O)Br;834.105;18.132;13;5;0.5;0.34056;low;9;Polyketides;Not known;Bacterium Pseudovibrio denitrificans Ab134, isolated from the marine sponge Arenosclera brasiliensis ;DOI: 10.3389/fntpr.2023.1224564
11-oxoaerothionin;COC1=C([C@@H](C2(CC(=NO2)C(=O)NCCC(=O)CNC(=O)C3=NOC4(C3)C=C(C(=C([C@@H]4O)Br)OC)Br)C=C1Br)O)Br;832.09;1.782;13;4;0.45833;0.34127;low;9;Alkaloids;Moderate antibiotic activity against several pathogenic bacteria.;Aplysina ;DOI: 10.3389/fntpr.2023.1224564
11-keto-12-hydroxyaerothionin;COC1=C(Br)[C@H](O)[C@]2(CC(=NO2)C(=O)NCC(O)C(=O)CNC(=O)C2=NO[C@@]3(C2)C=C(Br)C(OC)=C(Br)[C@@H]3O)C=C1Br;848.089;0.7602;14;5;0.45833;0.36661;low;9;Alkaloids;Anti-inflammatory activity in LPS-stimulated macrophages, selective antitumor activity toward the human colon (HCT 116) cell line within the limited concentration range of 0.01-0.1 microgram/m;Aplysina ;DOI: 10.3389/fntpr.2023.1224564
Eroplysinin-2;COC1=C([C@H]2[C@](CC(=O)O2)(C=C1Br)O)Br;339.967;0.6191;4;1;0.44444;0.28062;low;1;Shikimates and Phenylpropanoids;Not known;Aplysina ;DOI: 10.3389/fntpr.2023.1224564
Verongidoic acid;COC1=C([C@@H]([C@]2(CC(=NO2)C(=O)O)C=C1Br)O)Br;382.991;10.917;6;2;0.4;0.36518;low;2;Amino acids and Peptides;Anticancer activity against human MDA-MB-231 assessed as inhibition of cell growth incubated for 48 hrs by SRB assay, , antibacterial activity against Staphylococcus aureus ATCC 6538P, Pseudomonas aeruginosa ATCC 9027, and against Klebsiella pneumoniae ATCC 10032 assessed as inhibition zone diameter after 24 hrs by agar diffusion method;Bacterium Pseudovibrio denitrificans Ab134, isolated from the marine sponge Arenosclera brasiliensis ;DOI: 10.3389/fntpr.2023.1224564
Methyl ester of Verongidoic acid;COC(=O)C1=NO[C@@]2(C1)C=C(Br)C(OC)=C(Br)[C@@H]2O;397.018;15.196;6;1;0.45455;0.32268;low;3;Alkaloids/ Amino acids and peptides;Not known;Aplysina ;DOI: 10.3389/fntpr.2023.1224564
¬†(+)-aplysinafulvin;CO[C@H]1C(Br)=C(OC)C(Br)=C[C@@]1(O)CC(N)=O;371.024;0.3319;5;2;0.5;0.30906;low;4;Alkaloids/ Amino acids and peptides;Not known;Aplysina ;DOI: 10.3389/fntpr.2023.1224564
(+)-11-deoxyfistularin-3;COC1=C([C@@H]([C@]2(CC(=NO2)C(=O)NCCCOC3=C(C=C(C=C3Br)C(CNC(=O)C4=NO[C@@]5(C4)C=C(C(=C([C@@H]5O)Br)OC)Br)O)Br)C=C1Br)O)Br;1098.02;45.391;14;5;0.41935;0.28547;low;12;Alkaloids/ Amino acids and peptides;Not known;Aplysina cauliformis;DOI: 10.3389/fntpr.2023.1224564
Citrinalin A;CC1(CC(=O)C2=C(O1)C=CC3=C2NC(=O)[C@]34C[C@]5(CN6CCC[C@H]6C[C@@H]5C4(C)C)[N+](=O)[O-])C;453.537;18.272;7;1;0.68;0.26405;none;1;Amino acids and Peptides;Cytotoxic effects;Penicillium citrinum;DOI: 10.3389/fntpr.2023.1224564
Citrinalin B;CC1(CC(=O)C2=C(O1)C=CC3=C2NC(=O)[C@]34C[C@@]5(CN6CCC[C@H]6C[C@@H]5C4(C)C)[N+](=O)[O-])C;453.537;18.272;7;1;0.68;0.26405;none;1;Alkaloids;Not known;Penicillium citrinum;DOI: 10.3389/fntpr.2023.1224564
(5aR,7S,8R)-mirabilin B;CCCC[C@@H]1[C@@H](C)C[C@@]2(C)CCC3=C2C1NC(=N)N3;261.411;31.602;3;3;0.8125;0.18663;none;3;Polyketides;Not known;Sponge Monanchora arbuscula;DOI: 10.3389/fntpr.2023.1224564
(5aR,7S,8S)-8Œ≤-hydroxymirabilin B;CCCC[C@]1(O)[C@@H](C)C[C@@]2(C)CCC3=C2C1=NC(=N)N3;275.395;23.869;4;3;0.75;0.24643;none;3;Polyketides;Not known;Sponge Monanchora arbuscula;DOI: 10.3389/fntpr.2023.1224564
(5aR,7S,8R)-8Œ±-hydroxymirabilin B;CCCC[C@@]1(O)[C@@H](C)C[C@@]2(C)CCC3=C2C1=NC(=N)N3;275.395;23.869;4;3;0.75;0.24643;none;3;?;Not known;Sponge Monanchora arbuscula;DOI: 10.3389/fntpr.2023.1224564
6-desmethyl-6-ethyl-9,10-dihydrospongosoritin A;CCCC[C@H](CC)C[C@@]1(CC)O\C(=C/C(=O)OC)C(CC)=C1;308.46;52.062;3;0;0.73684;0.12342;none;10;Terpenoids;Not known;Sponge Plakortis angulospiculatus;DOI: 10.3389/fntpr.2023.1224564
9,10-dihydrospongosoritin A;CCCC[C@H](CC)C[C@@]1(C)O\C(=C/C(=O)CC)C(CC)=C1;292.461;5.456;2;0;0.73684;0.089406;none;9;Terpenoids;Cytotoxic effects;Sponge Plakortis angulospiculatus;DOI: 10.3389/fntpr.2023.1224564
(+)-7,8-dihydroplakortide E;[H]OC(=O)\C=C\[C@]1(CC)C[C@](CC)(CC(C)C[C@@H](CC)\C=C\CC)OO1;352.513;60.587;4;1;0.7619;0.15352;none;11;Alkaloids;Cytotoxic effects;Sponge Plakortis angulospiculatus;DOI: 10.3389/fntpr.2023.1224564
Plakortide not named;[H]OC(=O)C[C@@H]1OO[C@](CC)(C[C@@H]1CC)\C=C(/C)CC(CC)\C=C\CC;352.513;63.057;4;1;0.7619;0.15337;none;10;Fatty acids;Cytotoxic effects;Sponge Plakortis angulospiculatus;DOI: 10.3389/fntpr.2023.1224564
Plakortide not named;[H]OC(=O)C[C@@H]1OO[C@](CC)(C[C@@H]1CC)\C=C(/C)CC(CC)CCCC;354.529;65.579;4;1;0.85714;0.15285;none;11;Terpenoids;Cytotoxic effects;Sponge Plakortis angulospiculatus;DOI: 10.3389/fntpr.2023.1224564
Plakortide not named;[H]OC(=O)C[C@@H]1OO[C@](CC)(C[C@@H](C)C[C@@H](CC)\C=C\CC)C=C1CC;352.513;60.653;4;1;0.7619;0.15337;none;11;Terpenoids;Cytotoxic effects;Sponge Plakortis angulospiculatus;DOI: 10.3389/fntpr.2023.1224564
Plakortide not named;[H]OC(=O)C[C@@H]1OO[C@](CC)(C[C@@H](C)C[C@@H](CC)CCCC)C=C1CC;354.529;63.175;4;1;0.85714;0.15285;none;12;Terpenoids;Cytotoxic effects;Sponge Plakortis angulospiculatus;DOI: 10.3389/fntpr.2023.1224564
Roussoellatide;C/C=C/[C@H]1[C@@H]([C@H]([C@H](C=C1C(=O)O)C)C)C2=C(C(=O)[C@H]([C@]2(C(=O)OC)O)Cl)Cl;417.284;21.653;6;2;0.52632;0.26029;low;5;Terpenoids;Cytotoxic effects;Fungus Roussoella sp. DLM33;DOI: 10.3389/fntpr.2023.1224564
10,11-dehydrocurvularin;C[C@H]1CCC/C=C/C(=O)C2=C(CC(=O)O1)C=C(C=C2O)O;290.314;25.587;5;2;375;0.27771;none;0;Terpenoids;Not known;Penicillium sp. DRF2;DOI: 10.3389/fntpr.2023.1224564
12-keto-10,11-dehydrocurvularin;C[C@H]1CCC(=O)/C=C/C(=O)C2=C(CC(=O)O1)C=C(C=C2O)O;304.297;15.057;6;2;0.3125;0.32999;none;0;Terpenoids;Cytotoxicity against human NCI-H460 cells by MTT assay;Penicillium sp. DRF2;DOI: 10.3389/fntpr.2023.1224564
10,11-epoxycurvularin;C[C@H]1CCC[C@@H]2[C@@H](O2)C(=O)C3=C(CC(=O)O1)C=C(C=C3O)O;306.313;14.363;6;2;0.5;0.35225;low;0;Terpenoids;Cytotoxicity against human MCF10A cells at 7.8 to 1000 uM after 24 hrs by XTT assay;Penicillium sp. DRF2;DOI: 10.3389/fntpr.2023.1224564
Cyclothiocurvularin A;C[C@H]1CCC[C@@H]2[C@@H](C(=O)C3=C(CC(=O)O1)C=C(C=C3O)O)[C@@](CS2)(C(=O)O)O;410.442;0.9888;8;4;0.52632;0.42297;none;1;Terpenoids;Cytotoxicity against human MCF10A cells at 7.8 to 1000 uM after 24 hrs by XTT assay;Penicillium sp. DRF2;DOI: 10.3389/fntpr.2023.1224564
Cyclothiocurvularin B;C[C@H]1CCC[C@H]2[C@H](C(=O)C3=C(CC(=O)O1)C=C(C=C3O)O)[C@](CS2)(C(=O)O)O;410.442;0.9888;8;4;0.52632;0.42297;none;1;Terpenoids;Not known;Penicillium sp. DRF2;DOI: 10.3389/fntpr.2023.1224564
(10S,11S,15S,18R)-cyclothiocurvularin B methyl este;[H][C@]12CCC[C@H](C)OC(=O)CC3=C(C(O)=CC(O)=C3)C(=O)[C@]1([H])[C@](O)(CS2)C(=O)OC;424.469;14.167;8;3;0.55;0.3899;none;2;Terpenoids;Not known;Penicillium sp. DRF2;DOI: 10.3389/fntpr.2023.1224564
¬†[Œ≤-MePro] destruxin E chlorohydrin;CCC(C)[C@H]1C(=O)N([C@H](C(=O)N([C@H](C(=O)NCCC(=O)OC(C(=O)N2CC[C@@H]([C@H]2C(=O)N1)C)C[C@@H](CCl)O)C)C)C(C)C)C;644.207;0.5623;13;3;0.8;0.27788;low;6;Shikimates and Phenylpropanoids;Not known;Ascidian of the family Didemnidae;DOI: 10.3389/fntpr.2023.1224564
Pseudodestruxin C;CC1CCN2C1C(=O)NC(C(=O)N(C(C(=O)N(C(C(=O)NCCC(=O)OC(C2=O)CC(C)C)C(C)C)C)C(C)C)C)CC3=CC=CC=C3;669.861;25.606;12;2;0.66667;0.23336;none;6;Alkaloids/ Amino acids and peptides;Not known;Ascidian of the family Didemnidae;DOI: 10.3389/fntpr.2023.1224564
Rodriguesine A;CCCCCCCCC[C@H](CC(=O)NCCCN)N1CC(=O)NC(CC2=CC=CC=C2)C1=O;458.644;33.929;7;3;0.65385;0.21022;none;16;Amino acids and Peptides/ Polyketides;Not known;Ascidians of the genus Didemnum;DOI: 10.3389/fntpr.2023.1224564
Rodriguesine B;CCCCCCCCC[C@H](CC(=O)NCCCCN)N1CC(=O)NC(CC2=CC=CC=C2)C1=O;472.671;38.473;7;3;0.66667;0.20296;none;17;Amino acids and Peptides/ Polyketides;Not known;Ascidians of the genus Didemnum;DOI: 10.3389/fntpr.2023.1224564
N-acetyl-rodriguesine A;CCCCCCCCC[C@H](CC(=O)NCCCNC(C)=O)N1CC(=O)NC(CC2=CC=CC=C2)C1=O;500.681;38.011;8;3;0.64286;0.21573;none;17;Amino acids and Peptides/ Polyketides;Not known;Ascidians of the genus Didemnum;DOI: 10.3389/fntpr.2023.1224564
N-acetyl-rodriguesine B;CCCCCCCCC[C@H](CC(=O)NCCCCNC(C)=O)N1CC(=O)NC(CC2=CC=CC=C2)C1=O;514.708;42.555;8;3;0.65517;0.20885;none;18;Terpenoids;Not known;Ascidians of the genus Didemnum;DOI: 10.3389/fntpr.2023.1224564
(+)-5-acetoxycaespitol;CC(=O)O[C@H]1C[C@@]([C@@H](C[C@@H]1[C@]2([C@H](C[C@@H](C(O2)(C)C)Br)O)C)Br)(C)Cl;490.658;39.327;4;1;0.94118;0.16503;high;3;Amino acids and Peptides;Not known;Red alga Laurencia catarinensis ;DOI: 10.3389/fntpr.2023.1224564
8-methoxy-3,5-dimethylisochroman-6-ol;COC1=C2OC[C@@H](C)CC2=C(C)C(O)=C1;208.256;24.249;3;1;0.5;0.20318;none;1;Alkaloids;Cytotoxicity against human MCF7, HT-29 and A431 cells,  after 24 hrs by MTT assay;Penicillium steckii;DOI: 10.3389/fntpr.2023.1224564
(‚àí)-cladomarine;[H][C@]1(C)CCC[C@]([H])(C[C@@]2([H])CC3=C(O)C(O)=CC(O)=C3C(=O)O2)O1;308.329;17.415;6;3;0.5625;0.32641;low;2;Amino acids and Peptides/ Polyketides;Not known;Deep-sea fungus Penicillium coralligerum YK-24;DOI: 10.3389/fntpr.2023.1224564
Cladosporin;C[C@H]1CCC[C@@H](O1)C[C@H]2CC3=C(C(=CC(=C3)O)O)C(=O)O2;292.33;20.872;5;2;0.5625;0.27519;low;2;Alkaloids;Antiparasitic activity against Plasmodium falciparum 3D7;Deep-sea fungus Penicillium coralligerum YK-24;DOI: 10.3389/fntpr.2023.1224564
Scytalon;C1[C@H](CC(=O)C2=C1C=C(C=C2O)O)O;194.185;0.7221;4;3;0.3;0.38322;none;0;Alkaloids;Inhibition of LPS-induced iNOS expression in mouse BV2 cells and Inhibition of LPS-induced COX-2 expression in mouse BV2 cells;Red alga Asparagopsis taxiformis;DOI: 10.3389/fntpr.2023.1224564
(3R,4R)-4-hydroxy-scytalone;O[C@@H]1CC(=O)C2=C(O)C=C(O)C=C2[C@H]1O;210.184;-0.0039;5;4;0.3;0.46192;none;0;Terpenoids;Not known;Red alga Asparagopsis taxiformis;DOI: 10.3389/fntpr.2023.1224564
(3R,4R)-3,4,5-trihydroxy-1-tetralone;C1[C@@H]([C@@H](C2=C(C1=O)C=CC=C2O)O)O;194.185;0.3418;4;3;0.3;0.38679;none;0;Terpenoids;Not known;Red alga Asparagopsis taxiformis;DOI: 10.3389/fntpr.2023.1224564
Amphidinolide T1;CCC[C@@H]1CC(=C)C[C@H]([C@@H](C(=O)C[C@H]2C[C@@H]([C@@H](O2)CCCC[C@@H](C(=O)O1)C)C)O)C;422.603;5.549;5;1;0.84;0.17142;none;2;Alkaloids;Not known;Octocoral Stragulum bicolor;DOI: 10.3389/fntpr.2023.1224564
Amphidinolide C4;[H][C@]12CC[C@@]([H])(O1)[C@H](OC(=O)C[C@]1(C)O[C@]([H])(C[C@H]1C)[C@H](O)CC(=C)\C=C(C)\[C@@H](C)[C@@H](O)CC(=O)[C@@H](C)CC(=O)C2)\C=C\C=C(/C)[C@@H](O)C(=C)CCC;698.934;74.809;9;3;0.68293;0.19516;none;6;Alkaloids;Not known;Octocoral Stragulum bicolor;DOI: 10.3389/fntpr.2023.1224564
Amphidinolide PX1;C[C@@H]([C@H]1OC(=O)[C@H](O)C[C@H](C)\C=C\C[C@@H]2O[C@H]2CC(=C)\C=C\1)C(C)=C;346.465;46.564;4;1;0.57143;0.1856;none;2;Alkaloids;Not known;Octocoral Stragulum bicolor;DOI: 10.3389/fntpr.2023.1224564
Amphidinolide PX2;C[C@@H]([C@H]1OC(=O)[C@@H](C[C@H](C)\C=C\C[C@@H]2O[C@H]2CC(=C)\C=C\1)OC(C)=O)C(C)=C;388.502;5.141;5;0;0.56522;0.19702;none;4;Alkaloids;Not known;Octocoral Stragulum bicolor;DOI: 10.3389/fntpr.2023.1224564
Amphidinolide PX3;C[C@@H]([C@H]1OC(=O)[C@@H](C[C@H](C)\C=C\C[C@@H]2O[C@H]2CC(=C)\C=C/1)OC(C)=O)C(C)=C;388.502;5.141;5;0;0.56522;0.19702;none;4;Terpenoids;Not known;Octocoral Stragulum bicolor;DOI: 10.3389/fntpr.2023.1224564
Stragulin A;COC(=O)[C@H](O)C[C@H](C)\C=C\C[C@@H]1O[C@H]1CC(=C)\C=C\[C@H](O)[C@H](C)C(C)=C;378.507;43.006;5;2;0.59091;0.20778;none;13;Terpenoids;Not known;Octocoral Stragulum bicolor;DOI: 10.3389/fntpr.2023.1224564
Germacra-1(10),4(15),7(11)-trien-5-ol-8-one;CC(C)=C1CC(O)C(=C)CC\C=C(C)\CC1=O;234.338;46.593;2;1;0.53333;0.13149;none;0;Alkaloids;Not known;Gorgonian Phyllogorgia dilatata;DOI: 10.1021/np0304316
Heterogorgiolide;CC1=C2C[C@H]3C(=C)[C@H]4C[C@H]4[C@@]3(C[C@@]2(OC1=O)OC)C;260.332;23.827;3;0;0.6875;0.18427;none;1;Fatty acids;Not known;Gorgonian Heterogorgia uatumani;DOI: 10.1021/np0304316
Another heterogorgiolide;[H][C@]12[C@@H]3C[C@](C)(O)CC\C=C(C)\CC(O3)[C@@]1([H])C(C)=CC[C@@H]2C(C)C;318.499;51.482;2;1;0.80952;0.090845;none;1;Fatty acids;Not known;Gorgonian Heterogorgia uatumani;DOI: 10.1021/np0304316
11,12-epoxypukalide;CC(=C)[C@H]1CC[C@]23[C@H](O2)[C@@H](C[C@]4([C@@H](O4)C5=CC(=C(C1)O5)C(=O)OC)C)OC3=O;388.415;23.256;7;0;0.61905;0.33489;none;3;Amino acids and Peptides;Induces Proliferation and Protects against Cytokine-Mediated Apoptosis in Primary Cultures of Pancreatic β-Cells;Gorgonian Phyllogorgia dilatata;DOI: 10.1021/np0304316
Variabilin;CC1=C(/C(=C/C(C)CCC/C(=C/CC/C(=C/CCC2=COC=C2)/C)/C)/OC1=O)O;398.541;70.141;4;1;0.48;0.14847;none;11;Terpenoids;Anticancer Activity in Vitro, neuroprotetive activity;Sponge Ircinia strobilina;DOI: 10.1021/np0304316
Lophotoxin;CC(=C)[C@H]1C[C@@H]([C@]23[C@H](O2)[C@@H](C[C@@]4([C@@H](O4)C5=CC(=C(C1)O5)C=O)C)OC3=O)OC(=O)C;416.425;18.087;8;0;0.59091;0.35769;none;4;Terpenoids;Slow binding irreversible inhibitor of nicotinic acetylcholine receptors;Gorgonian Lophogorgia violacea;DOI: 10.1021/np0304316
Deoxylophotoxin¬†;CC(=C)[C@H]1C[C@@H](C2=C[C@@H](C[C@]3([C@@H](O3)C4=CC(=C(C1)O4)C=O)C)OC2=O)OC(=O)C;400.426;28.253;7;0;0.5;0.30186;none;4;Alkaloids;In vitro inhibition of [125I]alpha-bungarotoxin binding to nicotinic acetylcholine receptor of Torpedo californica electric organ membranes;Gorgonian Lophogorgia violacea;DOI: 10.1021/np0304316
13-acetoxy-11Œ≤,12Œ≤-epoxypukalide;COC(=O)C1=C2C[C@H](C[C@H](OC(C)=O)C34O[C@@H]3[C@@H](C[C@]3(C)O[C@H]3C(O2)=C1)OC4=O)C(C)=C;446.45;17.884;9;0;0.6087;0.36596;none;5;Amino acids and Peptides;Not known;Gorgonian Lophogorgia violacea;DOI: 10.1021/np0304316
7-acetoxy-8-hydroxylophotoxin;[H]C(=O)C1=C2C[C@H](C[C@H](OC(C)=O)C34O[C@@H]3[C@@H](C[C@](C)(O)[C@H](OC(C)=O)C(O2)=C1)OC4=O)C(C)=C;476.476;14.546;10;1;0.58333;0.3675;none;6;Amino acids and Peptides;Not known;Gorgonian Lophogorgia violacea;DOI: 10.1021/np0304316
3-methoxy-8-hydroxylophotoxin;[H]C(=O)C1=C\C2=C\[C@@](C)(O)C[C@H]3OC(=O)C4(O[C@H]34)[C@H](C[C@@H](C[C@@]1(OC)O2)C(C)=C)OC(C)=O;448.466;921;9;1;0.6087;0.34094;none;5;Alkaloids;Not known;Gorgonian Lophogorgia violacea;DOI: 10.1021/np0304316
4-methylaaptamine;CN1C=CC2=CC(=C(C3=NC=CC1=C23)OC)OC;242.277;17.135;4;0;0.21429;0.1849;high;2;Alkaloids;Antineoplasic agent;Gorgonian Lophogorgia violacea;DOI: 10.1021/np0304316
Prepacifenol epoxide;CC1(C2(CC(C(CC2O)(C)Cl)Br)C3(C(O3)C4C1(O4)Br)C)C;444.59;35.277;3;1;1;0.20823;high;0;Alkaloids;Cytotoxic effects;Aplysia dactylomela (mollusk);DOI: 10.1021/np0304316
Johnstonol;CC1(C23CC(C(CC2OC1(C(C4C3(O4)C)O)Br)(C)Cl)Br)C;444.59;35.277;3;1;1;0.18128;high;0;Alkaloids;Not known;Aplysia dactylomela (mollusk);DOI: 10.1021/np0304316
Pacifidene;[H][C@]1(Br)C[C@@]23C(C[C@]1(C)Cl)O[C@]1(Br)C=C(C2=C)C31C;394.533;46.623;1;0;0.71429;0.053101;high;0;?;Not known;Aplysia dactylomela (mollusk);DOI: 10.1021/np0304316
Pacifidene diol;[H][C@]1(Br)C[C@@]23C(C[C@]1(C)Cl)O[C@]1(Br)C=C(C2=C)C31C;394.533;46.623;1;0;0.71429;0.053101;high;0;Fatty acids;Not known;Aplysia dactylomela (mollusk);DOI: 10.1021/np0304316
Amphitoxin;CC1=C[N+](=CC=C1)CCCCCCCCCC2=C[N+](=CC=C2)CCCCCCCCCC3=C[N+](=CC=C3)C;516.835;-30.126;0;0;0.57143;0.018123;none;20;Fatty acids;Ichthyotoxic and insecticidal activity towards Xiphophorus variatus (moon fish) and Cylas formicarius elegantulus (sweet potato weevil);Amphimedon viridis (sponge);DOI: 10.1021/np0304316
1,3-dimethylisoguanine;CN1C2=C(C(=N)N(C1=O)C)NC=N2;179.182;-0.7102;6;2;0.28571;0.46241;none;0;Fatty acids;Cytotoxic activity against an ovarian cancer cell line ;Amphimedon viridis (sponge);DOI: 10.1021/np0304316
6-methoxy-7-methyl-8-oxoguanine;COC1=C2N(C)C(=O)NC2=NC(N)=N1;195.181;-0.3286;7;2;0.28571;0.53822;none;1;Amino acids and Peptides;Not known;Ascidian Symplegma rubra;DOI: 10.1021/np0304316
8-oxoadenine;NC1=C2NC(=O)NC2=NC=N1;151.129;-0.9864;6;3;0;0.68724;none;0;Amino acids and Peptides;Not known;Ascidian Symplegma rubra;DOI: 10.1021/np0304316
3-methylxanthine;CN1C2=C(C(=O)NC1=O)NC=N2;166.14;-0.5641;6;2;0.16667;0.5616;high;0;?;Antiviral activity determined as inhibition of SARS-CoV-2 induced cytotoxicity;Ascidian Symplegma rubra;DOI: 10.1021/np0304316
6-bromogranulatimide;C1=CC2=C(C=C1Br)NC3=C4C(=C5C(=C23)C(=O)NC5=O)N=CN4;355.151;24.218;6;3;0;0.36943;high;0;Alkaloids;Not known;Didemnum granulatum (Didemnidae);DOI: 10.1021/np0304316
¬†Didemnimide A;C1=CC=C2C(=C1)C(=CN2)C3=C(C(=O)NC3=O)C4=CN=CN4;278.27;-0.2413;6;3;0;0.37885;none;2;Alkaloids;NCI human tumor cell line growth inhibition assay.;Didemnum granulatum (Didemnidae);DOI: 10.1021/np0304316
¬†Didemnimide C;CN1C=NC=C1C2=C(C(=O)NC2=O)C3=CNC4=CC=CC=C43;292.297;-0.1085;6;2;0.0625;0.32448;none;2;?;Not known;Didemnum granulatum (Didemnidae);DOI: 10.1021/np0304316
¬†Didemnimide D;CN1C=NC=C1C2=C(C(=O)NC2=O)C3=CNC4=C3C=CC(=C4)Br;371.193;0.6167;6;2;0.0625;0.29847;none;2;Alkaloids;Not known;Didemnum granulatum (Didemnidae);DOI: 10.1021/np0304316
¬†Didemnimide E;CN1C=C(N=C1)C2=C(C(=O)NC2=O)C3=CNC4=CC=CC=C43;292.297;-0.1085;6;2;0.0625;0.32448;none;2;Alkaloids;Not known;Didemnum granulatum (Didemnidae);DOI: 10.1021/np0304316
Homarine;[O-]S(=O)(=O)OCC[N+]1=CC=CC=C1;203.217;-6.798;4;0;0.28571;0.38574;none;4;Polyketides;Not known;Sponge Aaptos;DOI: 10.1021/np0304316
Pyridinium betaine;C[N+]1=C(C=CC=C1)C([O-])=O;137.138;-58.018;2;0;0.14286;0.27826;none;1;Terpenoids;Not known;Sponge Aaptos;DOI: 10.1021/np0304316
2-(3,5-dibromo1-hydroxy-4,4-dimethoxy-2,5-cyclohexadien-1-yl)ethanamide;COC1(OC)C(Br)=CC(O)(CC(N)=O)C=C1Br;371.024;0.4208;5;2;0.5;0.30953;low;4;Terpenoids;Not known;Aplysina fulva (sponge);DOI: 10.1021/np0304316
3,5-Dibromo-4-hydroxyphenylacetamide;C1=C(C=C(C(=C1Br)O)Br)CC(=O)N;308.957;18.497;3;2;125;0.26393;none;2;Shikimates and Phenylpropanoids;Antiproliferative activity against human PC3 cells, cytotoxicity against rat bone marrow cells ;Aplysina fulva (sponge);DOI: 10.1021/np0304316
Not named;CCOC1(OC)C(Br)=CC(O)(CC(N)=O)C=C1Br;385.051;0.8271;5;2;0.54545;0.28945;low;5;Fatty acids;Not known;Aplysina fulva (sponge);DOI: 10.1021/np0304316
Not named;CCOC1(OC)C(Br)=CC(O)(CC(N)=O)C=C1Br;385.051;0.8271;5;2;0.54545;0.28945;low;5;Polyketides;Not known;Aplysina fulva (sponge);DOI: 10.1021/np0304316
2-(3-bromo1,6-dihydroxy-4-oxo-cyclohex-2-enyl)acetamide;[H][C@]1(O)CC(=O)C(Br)=C[C@@]1(O)CC(N)=O;264.074;-10.074;5;3;0.5;0.44887;none;2;Polyketides;Not known;Aplysina fulva (sponge);DOI: 10.1021/np0304316
4-hydroxy-2,6-dimethylbenzoic acid;CC1=CC(O)=CC(C)=C1C(O)=O;166.175;14.868;3;2;0.22222;0.30601;none;1;Polyketides;Not known;Aplysina fulva (sponge);DOI: 10.1021/np0304316
Not named;COCC1=CC(Br)=C(OC)C(Br)=C1;309.984;28.706;2;0;0.33333;0.11848;none;3;Polyketides;Not known;Sponge Verongula gigantea;DOI: 10.1021/np0304316
Not named;COCC1=CC(Br)=C(O)C(Br)=C1;295.958;25.949;2;1;0.25;0.15109;none;2;Polyketides;Not known;Sponge Verongula gigantea;DOI: 10.1021/np0304316
Debromoverongiaquinol;NC(=O)CC1(O)C=C(Br)C(=O)C(Br)=C1;324.956;0.1196;4;2;0.25;0.33774;low;2;Terpenoids;Not known;Aplysina aerophoba;DOI: 10.1021/np0304316
Aeroplysinin-1;COC1=C([C@@H]([C@@](C=C1Br)(CC#N)O)O)Br;338.982;0.8237;4;2;0.44444;0.27919;low;2;Alkaloids;Not known;Aplysina aerophoba;DOI: 10.1021/np0304316
Aerothionin;COC1=C(Br)[C@H](O)[C@]2(CC(=NO2)C(=O)NCCCCNC(=O)C2=NO[C@@]3(C2)C=C(Br)C(OC)=C(Br)[C@@H]3O)C=C1Br;818.106;2.835;12;4;0.5;0.31468;low;9;Amino acids and Peptides/ Polyketides;Not known;Aplysina fistularis;DOI: 10.1021/np0304316
Homoaerothinin;COC1=C(Br)[C@H](O)[C@]2(CC(=NO2)C(=O)NCCCCCNC(=O)C2=NO[C@@]3(C2)C=C(Br)C(OC)=C(Br)[C@@H]3O)C=C1Br;832.133;32.894;12;4;0.52;0.30512;low;10;Alkaloids;Not known;Aplysina fistularis;DOI: 10.1021/np0304316
dodeca-3Z,6Z,9Z-trien-1-ol;CC\C=C/C\C=C/C\C=C/CCO;180.29;38.379;1;1;0.5;0.072612;none;7;Alkaloids;Not known;Botryllus giganteum (Stolidobranchia, Styelidae);DOI: 10.1021/np0304316
Parahydroxybenzaldehyde¬†;C1=CC(=CC=C1[13CH]=O)O;123.115;12.472;2;1;0;0.26364;none;1;Terpenoids;Not known;Botryllus giganteum (Stolidobranchia, Styelidae);DOI: 10.1021/np0304316
Benzylamine;C1=CC=C(C=C1)CN;107.155;0.6645;1;1;0.14286;0.15983;none;1;Terpenoids;Not known;Botryllus giganteum (Stolidobranchia, Styelidae);DOI: 10.1021/np0304316
(9-[5‚Ä≤-(methylthio)-Œ≤-D-xylofuranosyl]adenine (xylosyl-MTA);[H]C([H])([H])SCC1OC(C(O)C1O)N1C=NC2=C1N=CN=C2N;297.338;-0.6637;8;3;0.54545;0.53155;none;3;Terpenoids;Not known;Doris aff. verrucosa;DOI: 10.1021/np0304316
Tambjamine A;COC1=C(NC(=C1)C2=CC=CN2)C=N;189.217;0.4641;4;3;0.1;0.34232;none;3;Terpenoids;Not known;Nudibranch Tambja eliora;DOI: 10.1021/np0304316
Tambjamine D;CC(C)CN=CC1=C(C=C(N1)C2=C(C=CN2)Br)OC;324.221;27.937;4;2;0.35714;0.2165;none;5;Amino acids and Peptides;Not known;Nudibranch Tambja eliora;DOI: 10.1021/np0304316
N-acetyl-Œ≥-hydroxyvaline lactone;[H][C@@]1(C)COC(=O)[C@]1([H])NC(C)=O;157.168;-0.5926;4;1;0.71429;0.39538;none;1;Terpenoids;Not known;Streptomyces cebimarensis;DOI: 10.1021/np0304316
N-acetyltyramine¬†;CC(=O)NCCC1=CC=C(C=C1)O;179.218;11.571;3;2;0.3;0.25303;none;3;Amino acids and Peptides;Inhibition of Plasmodium falciparum W2 (drug-resistant) proliferation in erythrocyte-based infection assay, Inhibition of human coagulation factor XIIIa;Streptomyces acrimycinin;DOI: 10.1021/np0304316
Leucyl-4-hydroxyproline;CC(C)CC(C(=O)O)NC(=O)C1CC(CN1)O;244.29;-28.945;6;4;0.81818;0.40231;none;5;Amino acids and Peptides;Compositions and methods for improving skin health and for the treatment and prevention of diseases, disorders and conditions associated with pathogenic microbes;Streptomyces acrimycinin;DOI: 10.1021/np0304316
6-amino-[1,4]diazonane-2,5-dione;C1C[C@@H](C(=O)NCC(=O)NC1)N;171.199;-1.889;5;3;0.71429;0.47791;none;0;?;Not known;Streptomyces acrimycinin;DOI: 10.1021/np0304316
Cyclo[Pro-Val];CC(C)[C@H]1C(=O)N2CCC[C@H]2C(=O)N1;196.249;0.0846;4;1;0.8;0.27941;none;1;Polyketides;Cytotoxicity against paclitaxel-resistant human HCT116tax cells assessed as DNA;Streptomyces arenarium;DOI: 10.1021/np0304316
Cyclo[Leu-Phe];CC(C)C[C@H]1C(=O)N[C@H](C(=O)N1)CC2=CC=CC=C2;260.336;1.523;4;2;0.46667;0.23589;none;4;Polyketides;"Percent inhibition of human calpain; Antibiotic activity against Bacillus subtilis ATCC 6633 and Escherichia coli ATCC 25922";Streptomyces arenarium;DOI: 10.1021/np0304316
Cyclo[Ile-Val];CCC(C)C1NC(=O)C(NC1=O)C(C)C;212.292;0.7538;4;2;0.81818;0.28618;none;3;Polyketides;Not known;Streptomyces arenarium;DOI: 10.1021/np0304316
Adociasulfate-2;C[C@]12CC[C@H]3[C@]([C@@H]1CC[C@@]4([C@@H]2CC[C@]5([C@H]4CC6=C(C=CC(=C65)OS(=O)(=O)[O-])OS(=O)(=O)[O-])C)C)(CC[C@@H]7[C@@](O3)(CCCC7(C)C)C)C.[Na+].[Na+];694.948;45.618;9;2;0.83333;0.24221;none;4;Alkaloids;Inhibition of Eg5 basal ATPase activity;Haliclona sp.;DOI: 10.1021/bi061395n
Adociasulfate 11;CC1=CC[C@H]2[C@@](CCC[C@@]2([C@H]1CC3=C(C=CC(=C3)OS(=O)(=O)O)O)C)(C)CC[C@H]4C(=C)CC[C@@H]5[C@@]4(CCCC5(C)C)C;598.886;7.84;5;2;0.72222;0.14449;none;7;Alkaloids;Not known;Haliclona sp.;DOI: 10.1021/np050459c
Haliclamide;CCCC1CCCC(=O)N[C@H](CCCC(C(=O)N([C@H](C(=O)O1)CC2=CC=CC=C2)C)C)CO;460.613;38.928;7;2;0.65385;0.20567;none;5;Polyketides;Not known;Haliclona sp.;DOI: 10.1039/c6ob01775d
Salicylihalamide A;CC/C=C\C=C/C(=O)N/C=C/C[C@H]1C[C@H]([C@H](C/C=C/CC2=C(C(=CC=C2)O)C(=O)O1)C)O;439.55;49.592;6;3;0.38462;0.20134;low;6;Polyketides;Inhibition of proton transport activity of V-ATPase in pig adrenal chromaffin granule membrane by fluorescent quenching measurement;Haliclona sp.;DOI: 10.1074/jbc.M313796200
Salicylihalamide B;CC/C=C\C=C/C(=O)N/C=C\C[C@H]1C[C@H]([C@H](C/C=C/CC2=C(C(=CC=C2)O)C(=O)O1)C)O;439.55;49.592;6;3;0.38462;0.20134;low;6;Amino acids and Peptides/ Polyketides;"Inhibition of proton transport activity of V-ATPase in pig adrenal chromaffin granule membrane by fluorescent quenching measurement; Cytotoxicity against african green monkey COS7 cells ";Haliclona sp.;DOI: 10.1074/jbc.M313796200
Manzamine A;C1CCN2CC[C@H]3C(=C[C@@](CC/C=C\C1)([C@H]4[C@]3(C2)C[C@H]/5N4CCCC/C=C5)O)C6=NC=CC7=C6NC8=CC=CC=C78;548.772;65.436;5;2;0.52778;0.1078;low;1;Amino acids and Peptides/ Polyketides;Antimalarial activity;Haliclona sp.;DOI: 10.1016/s0099-9598(03)60004-0
Manzamine C;C1CCN(CCCC/C=C\C1)CCC2=NC=CC3=C2NC4=CC=CC=C34;347.504;53.404;3;1;0.43478;0.097741;low;3;Alkaloids;"Induction of PKC-mediated mouse EL-4.IL-2 cells adherence by MTT assay; cytotoxic effects";Haliclona sp.;DOI: 10.1016/s0099-9598(03)60004-0
Manzamine D;C1CCN2CC[C@H]3C(=C[C@@](CC/C=C\C1)([C@H]4[C@]3(C2)C[C@H]/5N4CCCC/C=C5)O)C6C7=C(CCN6)C8=CC=CC=C8N7;552.804;63.951;5;3;0.61111;0.10778;low;1;Alkaloids;"Antineuroinflammatory activity in LPS-stimulated rat neonatal microglia; cytotoxic effects; antimycobacterial activity";Ircinia sp.;DOI: 10.1016/s0099-9598(03)60004-0
Manzamine Y;C1CCN2CC[C@H]3C(=C[C@@](CC/C=C\C1)([C@H]4[C@]3(C2)C[C@H]/5N4CCCC/C=C5)O)C6=NC=CC7=C6NC8=C7C=C(C=C8)O;564.771;61.979;6;3;0.52778;137;low;1;Terpenoids;"Cytotoxicity against mouse L1210 cells; antibacterial and antiviral activities";Haliclona sp. and Amphimedon sp.;DOI: 10.1016/s0099-9598(03)60004-0
Keramaphidin B;C1CCN2CC[C@H]3[C@@H]4CN5CCCC/C=C\CC[C@@]3(C2)[C@@H]5C(=C4)CC/C=C\C1;380.618;63.847;2;0;0.76923;0.022729;none;0;Shikimates and Phenylpropanoids;Cytotoxic effects;Amphimedon sp.;DOI: 10.1021/jacs.4c02338
;;;;;;;;;;;;;
;;;;;;;;;;;;;
;;;;;;;;;;;;;
;;;;;;;;;;;;;
;;;;;;;;;;;;;
;;;;;;;;;;;;;
;;;;;;;;;;;;;
;;;;;;;;;;;;;